{
  "train_loss": [
    3.324404807038646,
    2.443946587257698,
    2.2588202344263837,
    2.111760903903044,
    2.0452995267722125,
    1.9797177304987048,
    1.9364762840375223,
    1.910540532218954,
    1.8791165703632793,
    1.8549175493704164
  ],
  "val_loss": [
    2.587048976317696,
    2.238561801288439,
    2.0320110787516055,
    1.950421964344771,
    1.912083237067513,
    1.782720525627551,
    1.7906689281048982,
    1.7252633804860322,
    1.7093305950579436,
    1.678237813970317
  ],
  "wer": [
    1.0,
    0.9927536231884058,
    0.982142857142857,
    0.9927536231884058,
    0.9927536231884058,
    0.98731884057971,
    0.9927536231884058,
    0.9927536231884058,
    0.9927536231884058,
    0.9855072463768115
  ],
  "cer": [
    1.0,
    0.8612029278886474,
    0.8122105886623763,
    0.7775199570019823,
    0.7356665394793408,
    0.7014878490570671,
    0.6835391134476508,
    0.712838250726976,
    0.6622739671913659,
    0.6866736473395101
  ]
}